﻿{
    "information": {
        "modulo-numero": "MÓDULO 1",
        "modulo-resumido": "M1",
        "modulo-nome": "Cardápio Base"
    },
    "configuration": {
        "target": "#menu_item_list",
        "start-level": 0,
        "max-level": 4,
        "min-level": 0,
        "prefix-name": "pages/capitulo_"
    },
    "pages": [{
            "placeholder": "Apresentação",
            "url": "pages/capitulo_0.html"
        },
        {
            "placeholder": "Aula 1",
            "url": "pages/capitulo_1.html"
        },
        {
            "placeholder": "Aula 2",
            "url": "pages/capitulo_2.html"
        },
        {
            "placeholder": "Realize a atividade",
            "url": "pages/capitulo_3.html"
        },
        {
            "placeholder": "Referências",
            "url": "pages/capitulo_4.html"
        }
    ]
}