﻿{
    "information": {
        "modulo-numero": "MÓDULO 4",
        "modulo-resumido": "M4",
        "modulo-nome": "ANÁLISE DO LOCAL DE CRIME"
    },
    "configuration": {
        "target": "#menu_item_list",
        "start-level": 0,
        "max-level": 5,
        "min-level": 0,
        "prefix-name": "pages/capitulo_"
    },
    "pages": [{
            "placeholder": "Apresentação",
            "url": "pages/capitulo_0.html"
        },
        {
            "placeholder": "Aula 1",
            "url": "pages/capitulo_1.html"
        },
        {
            "placeholder": "Aula 2",
            "url": "pages/capitulo_2.html"
        },
        {
            "placeholder": "Aula 3",
            "url": "pages/capitulo_3.html"
        },
        {
            "placeholder": "Realize a atividade",
            "url": "pages/capitulo_4.html"
        },
        {
            "placeholder": "Referências",
            "url": "pages/capitulo_5.html"
        }
    ]
}